"V1-30548","pir2-a-0306"
"V1-30968","pir2-c-0855"
"V1-30970","pir2-c-0885"
"V1-33691","pir2-a-1595"
"V1-51925","pir2-f-0374"
"V1-51927","pir2-f-0375"
"V2-54684","pir2-h-0122"
"V2-54685","pir2-h-0121"
"V3a-8473","pir2-i-0174"
"V3a-8961","pir2-c-0818"
"V3a-9366","pir2-i-0290"
"V3a-9919","pir2-i-0301"
"V3a-9920","pir2-i-0302"
"V3a-10721","pir2-i-0372"
"V3a-20873","pir2-c-0873"
"V3a-20874","pir2-c-1004"
"V3a-20876","pir2-c-1005"
"V3a-23938","pir2-g-0132"
"V3a-35193","pir2-i-0430"
"V3b-35798","pir2-f-0330"
"V3b-35799","pir2-f-0331"
"V4-8820","pir2-c-1552"
"V4-8821","pir2-c-1554"
"V4-8822","pir2-c-1555"
"V4-8836","pir2-c-1553"
"V4-10334","pir2-m-0690"
"V4-10518","pir2-m-0692"
"V4-11578","pir2-i-0472"
"V4-12008","pir2-p-1115"
"V4-12099","pir2-r-0058"
"V4-12100","pir2-r-0060"
"V4-12101","pir2-r-0059"
"V4-12150","pir2-r-0067"
"V4-12151","pir2-r-0068"
"V4-12152","pir2-i-0517"
"V4-12207","pir2-r-0203"
"V4-13843","pir2-i-0689"
"V4-15304","pir2-a-0284"
"V4-16240","pir2-a-1197"
"V4-16274","pir2-a-1265"
"V4-17879","pir2-i-0300"
"V4-18874","pir2-i-0360"
"V4-18886","pir2-i-0089"
"V4-19335","pir2-c-1556"
"V4-19336","pir2-i-0276"
"V4-19337","pir2-i-0277"
"V4-19680","pir2-m-0107"
"V4-21422","pir2-r-0061"
"V4-21423","pir2-i-0512"
"V4-21424","pir2-i-0513"
"V4-21425","pir2-i-0514"
"V4-21426","pir2-r-0062"
"V4-21428","pir2-r-0064"
"V4-21451","pir2-i-0516"
"V4-21615","pir2-i-0550"
"V4-21616","pir2-i-0551"
"V4-22152","pir2-i-0602"
"V4-22484","pir2-p-0343"
"V4-25161","pir2-a-0736"
"V5a-1092","pir2-a-0506"
"V5a-4411","pir2-a-1449"
"V5a-4469","pir2-a-1471"
"V5a-4592","pir2-d-0134"
"V5a-4712","pir2-f-0219"
"V5a-4790","pir2-f-0216"
"V5a-4904","pir2-c-0486"
"V5a-5445","pir2-c-0847"
"V5a-5452","pir2-c-0845"
"V5a-5453","pir2-c-0846"
"V5a-5736","pir2-c-0492"
"V5a-6141","pir2-c-0862"
"V5a-8087","pir2-d-0168"
"V5a-8317","pir2-c-0961"
"V5a-8338","pir2-p-0554"
"V5a-8342","pir2-c-0968"
"V5a-10913","pir2-a-0905"
"V5a-10914","pir2-a-0906"
"V5a-10915","pir2-i-0155"
"V5a-11624","pir2-a-0145"
"V5a-11696","pir2-c-0789"
"V5a-12679","pir2-c-0800"
"V5a-13036","pir2-g-0024"
"V5a-14265","pir2-f-0262"
"V5a-14558","pir2-a-1527"
"V5a-16284","pir2-q-0021"
"V5a-16285","pir2-q-0022"
"V5a-16330","pir2-i-0507"
"V5a-16782","pir2-q-0025"
"V5a-16783","pir2-q-0026"
"V5a-16784","pir2-q-0027"
"V5a-16785","pir2-q-0024"
"V5a-16830","pir2-m-0195"
"V5a-18460","pir2-i-0780"
"V5a-18462","pir2-i-0781"
"V5a-18622","pir2-i-0436"
"V5a-18841","pir2-c-0944"
"V5a-18869","pir2-a-0226"
"V5a-19432","pir2-c-0962"
"V5a-19882","pir2-i-0691"
"V5a-19962","pir2-c-1637"
"V5a-20830","pir2-i-0707"
"V5a-21202","pir2-i-0326"
"V5a-21226","pir2-c-0831"
"V5a-21227","pir2-i-0263"
"V5a-38823","pir2-f-0243"
"V5a-38824","pir2-f-0251"
"V5a-38825","pir2-f-0252"
"V5a-38826","pir2-f-0308"
"V5a-38827","pir2-f-0320"
"V5a-38829","pir2-f-0328"
"V5a-38830","pir2-f-0329"
"V5a-38831","pir2-f-0370"
"V5a-38833","pir2-f-0392"
"V5a-38834","pir2-f-0393"
"V5a-38835","pir2-f-0394"
"V5a-38836","pir2-f-0410"
"V5a-38837","pir2-f-0414"
"V5a-38839","pir2-f-0427"
"V5a-38840","pir2-f-0431"
"V5a-38841","pir2-f-0432"
"V5a-38842","pir2-f-0433"
"V5a-38843","pir2-h-0124"
"V5a-38844","pir2-o-0081"
"V5a-38845","pir2-o-0089"
"V5a-38846","pir2-o-0090"
"V5a-38847","pir2-p-0274"
"V5a-38848","pir2-p-0590"
"V5a-38849","pir2-p-0614"
"V5a-38850","pir2-p-0615"
"V5a-38851","pir2-p-0616"
"V5a-38852","pir2-p-0711"
"V5a-38854","pir2-r-0137"
"V5a-38855","pir2-r-0210"
"V5a-38857","pir2-r-0242"
"V5a-38858","pir2-r-NaN"
"V5a-38859","pir2-i-0177"
"V5a-38860","pir2-i-0465"
"V5a-38861","pir2-i-NaN"
"V5a-38862","pir2-i-0600"
"V5a-38864","pir2-i-0686"
"V5a-38866","pir2-c-0768"
"V5a-38867","pir2-c-0788"
"V5a-38868","pir2-c-0791"
"V5a-38869","pir2-c-0838"
"V5a-38870","pir2-c-0876"
"V5a-38871","pir2-c-0881"
"V5a-38872","pir2-c-0902"
"V5a-38873","pir2-c-0965"
"V5a-38874","pir2-c-1040"
"V5a-38875","pir2-c-1044"
"V5a-38877","pir2-c-1075"
"V5a-38878","pir2-c-1084"
"V5a-38880","pir2-c-1094"
"V5a-38881","pir2-c-1137"
"V5a-38882","pir2-c-1141"
"V5a-38883","pir2-c-1328"
"V5a-38884","pir2-c-1329"
"V5a-38885","pir2-c-1627"
"V5a-38886","pir2-s-0653"
"V5a-38983","pir2-s-0252"
"V5a-39009","pir2-s-0789"
"V5a-39061","pir2-c-0998"
"V5a-39122","pir2-f-0285"
"V5a-39186","pir2-f-0253"
"V5a-39187","pir2-g-0170"
"V5a-39189","pir2-n-0071"
"V5a-39191","pir2-r-0199"
"V5a-39204","pir2-h-0203"
"V5a-43225","pir2-i-0168"
"V5a-44193","pir2-a-0517"
"V5a-45002","pir2-a-0821"
"V5a-45424","pir2-f-0215"
"V5a-46483","pir2-s-0580"
"V5a-47839","pir2-f-0286"
"V5a-49017","pir2-i-0697"
"V5a-49228","pir2-i-0260"
"V5a-50000","pir2-p-0777"
"V5a-51714","pir2-c-1622"
"V5a-52262","pir2-i-0479"
"V5a-52431","pir2-f-0434"
"V5a-52485","pir2-l-0236"
"V5a-52510","pir2-d-0191"
